date,city_borrowings
2025-09-01,251312
2025-09-02,236429
2025-09-03,283722
2025-09-04,261545
2025-09-05,288527
2025-09-06,231348
2025-09-07,153835
2025-09-08,277939
2025-09-09,270065
2025-09-10,289272
2025-09-11,286600
2025-09-12,289601
2025-09-13,246633
2025-09-14,216217
2025-09-15,272557
2025-09-16,284118
2025-09-17,283972
2025-09-18,282492
2025-09-19,297480
2025-09-20,253311
2025-09-21,196553
2025-09-22,167382
2025-09-23,102715
2025-09-24,290499
2025-09-25,286793
2025-09-26,275131
2025-09-27,230165
2025-09-28,210633
2025-09-29,199201
2025-09-30,284317
2025-10-01,256269
2025-10-02,285033
2025-10-03,294000
2025-10-04,212375
2025-10-05,191825
2025-10-06,188478
2025-10-07,279132
2025-10-08,281310
2025-10-09,283155
2025-10-10,219730
2025-10-11,228801
2025-10-12,212896
2025-10-13,274620
2025-10-14,285581
2025-10-15,290021
2025-10-16,289541
2025-10-17,298110
2025-10-18,246713
2025-10-19,114626
2025-10-20,39611
2025-10-21,31011
2025-10-22,56836
2025-10-23,107454
2025-10-24,70069
2025-10-25,124393
2025-10-26,183446
2025-10-27,215447
2025-10-28,99815
2025-10-29,267421
2025-10-30,283936
2025-10-31,290165
2025-11-01,218382
2025-11-02,164961
2025-11-03,153492
2025-11-04,211900
2025-11-05,255238
2025-11-06,291555
2025-11-07,298717
2025-11-08,259807
2025-11-09,210856
2025-11-10,83064
2025-11-11,72476
2025-11-12,250578
2025-11-13,122298
2025-11-14,285132
2025-11-15,265918
2025-11-16,240979
2025-11-17,163567
2025-11-18,159442
2025-11-19,249198
2025-11-20,270539
2025-11-21,278603
2025-11-22,247980
2025-11-23,232672
2025-11-24,273734
2025-11-25,271467
2025-11-26,281591
2025-11-27,279387
2025-11-28,289271
2025-11-29,253870
2025-11-30,192413
